block_time,tx_hash,sender,to,value
2024-10-11 04:54:23.000 UTC,0xb6f84660d664f3d4cb64eab9a1d5cebc4acabaee9569348859f93306a47ab47e,0xff7eda3bdafde463675cb2daf1890427468c3843,0xb300000b72deaeb607a12d5f54773d1c19c7028d,0
2024-10-11 04:54:23.000 UTC,0x143384700aa369bfab8cee0e5ba0c3851cf042c4a8774e5ad23f73a72d8a2e35,0x0914bdb15c58962264b27355ae563ba2c32c4f26,0x80a64c6d7f12c47b7c66c5b4e20e72bc1fcd5d9e,0
2024-10-11 04:54:23.000 UTC,0x0aa5f1e3e30e171a65b3675d65362c0af1a4211783c0c875bc03420db66e0d29,0xae2fc483527b8ef99eb5d9b44875f005ba1fae13,0x1f2f10d1c40777ae1da742455c65828ff36df387,56415170431
2024-10-11 04:54:23.000 UTC,0xce5df310f4310cfbeb410835282c8b76b1902706eba613823d78ea3830ec92a8,0xfc7e1dd117637b18087c65920e03e263442875df,0xf3de3c0d654fda23dad170f0f320a92172509127,0
2024-10-11 04:54:23.000 UTC,0x152fa743255c0f4eb2d0315d0521a1f358838851a7d291cf34cafa7e109e96be,0x31fe3bcbf6b088cae5fa7aceebeaa70361a1e9eb,0x3328f7f4a1d1c57c35df56bbf0c9dcafca309c49,0
2024-10-11 04:54:23.000 UTC,0xe21ec42933e3087bd8daf0d8b159b208e006c053575b210147f63aa686999414,0x8ef57238cd4178eed96cd30a13cbc7448925328e,0x00000023c10000eecb940000b914cdfd76cc83d1,92
2024-10-11 04:54:23.000 UTC,0x4ce375fa12dd2e69308e9a9adcebda57c0bb1e22783d9390317c0d090b699db2,0x70819b3a8ef8e8968886442295566459f55c84f2,0x68b3465833fb72a70ecdf485e0e4c7bd8665fc45,0
2024-10-11 04:54:23.000 UTC,0x9e8702c334bde1b7c2037d3e092f4169f4fe446491022bbad12e7ecbccd42393,0x3ee1dccfb601577a31f0f7cee6484a76c964ab53,0x80a64c6d7f12c47b7c66c5b4e20e72bc1fcd5d9e,0
2024-10-11 04:54:23.000 UTC,0x270379cfa3434ed5dca546eaf088f975b8d9b8ddcddd41132aa74f60b4a03569,0x70819b3a8ef8e8968886442295566459f55c84f2,0xf19308f923582a6f7c465e5ce7a9dc1bec6665b1,0
2024-10-11 04:54:23.000 UTC,0x6de4c78c3ae691e353521e5af7c69d50fc27813a7d98e2058112a5be07744f7b,0xae2fc483527b8ef99eb5d9b44875f005ba1fae13,0x1f2f10d1c40777ae1da742455c65828ff36df387,56806575487
